,text
0,skillsdata science analyticspythonpostgresqllanguagesenglishmalayalamcertificationsmachine learning andrew data science toolbox foundationintroduction data scienceintroduction git data investmentservices retail clientsgem aravindakshan nairhiring graphdb devops intersection product year monthshead productsdecember present product managerdecember november managermarch december malaysiaebizubusiness intelligence analystseptember february yearstechnical business analyst standard chartered global september year malaysiaconsultant project delivery business december year page software engineer product may year indiasoftware engineer traineeoctober march indiaeducationbirla institute technology pilanimaster technology data science engineeringworldquant universitymaster science financial engineeringindian institute calcuttaexecutive program young business administration generaluniversity calicutbachelor technology electricals electronicsengineering page
1,skillspython learninglanguagesurdu certified programming certified machine learninginternshipprogramming c certificationpython bootcampmicrosoft technogy associate learning internpublicationsblogbreast cancer predictionsyeda daraqshanmta machine learninghyderabadsummaryi computer science engineering student computerenthusiast urge continuously learn progress idea using software solve real world problem instills asense excitement thrill interested python programming machine experiencecomputer society year monthassociate events headapril present year indiatechnical teamaugust april indiamicrosoft student societycreative team september present indiaverzeomachine learning internjanuary february jah college engineering technologybachelor engineering computer science junior college page intermediate educational academy iea page
2,skillspmpprogram managementproduct managementlanguagesenglish lumis business excellence leadership awardbest educational website feb business leaderspublicationswant study step entrepreneurial way motivate employees atworkdoes online education daily challenge everyentrepreneurkrishna kumarceo simplilearnbengalurusummaryinformation technology entrepreneur track record ofsuccessfully building new business great place currently working global certificationpreparation simplilearn largest professional certificationtraining company full time team presenceacross krishna coo whichgot acquired public listed org informatics infeb time techunified world classproducts area mobile voice banking telecomself techunified also customer base included someof fortune banks team program web present year francisco bay area indiasimplilearn one leading provider online training data cloud software many emerging based san california simplilearn hashelped million professional company across countriesget acquire upskill trainingcourses designed updated industry page blended learning approach combine live virtual applied learning teaching global training organization haverecognized simplilearn official provider certification company named influential education brand theworld edtechchairmanmay present year indiacurrently associated industry body iamai build ecosystem coooctober april year delivery products engineerseptember september year requirement institute electronics communication institute kanpurmtech master micro electronics page
3,structuresweb developmentlanguagesbengali web developer position icse hindi creativewriting competition regionalinter class spell well competitioninter class spell beebest englishsecond biswasincoming swe intern microsoft former software engineer internat microsoftsouth west delhiexperiencedelhi technological universityweb application university student internship programaugust present year present engineer internmay july summer codeopen source developerfebruary may technological universitybachelor technology computer engineering senior secondary school indiacbse class convent high schoolicse board page
4,skillsmicrosoft officeleadershipresearchrahul reddy akkenapallysoftware engineer capgeminihyderabadexperiencecapgeminisoftware engineerjune present year tamil indiaeducationanurag group institutionsbachelor electronics communicationengineering page
5,skillsdata sciencemachine learningdata analysislanguagesenglish certificatencc certificatepython data science andmachine learning boot camppython courseprobability statistics forbusiness data team player awardrambabu gorleactively looking job data self motivated quick learning always passion towork data learning domain want visualization methodical skill help company toachieve business goal vision designtech services engineerjuly present year indiaeducationrajiv gandhi university knowledge technology gandhi university knowledge murapakassc page
6,skillsc base management systemmanasa goudbachelor technology btech malla reddy college ofengineering currently pursuing engineering final done projectsusing different platform various hackathon isuccessfully accomplished course like data science cloudcomputing coursera merit educationmalla reddy college engineering womenbachelor technology information technology page
7,data analysis andhypothesis testingmicrosoft technical associate learningkharagpur winter code completed kwocgot selected biggeststudent hackathon hack thenorthdata science hackathon placemicrosoft student associatepublicationsreal time predictions adversedigressions critical noisy industrialprocesses using lstmsrahul widhya helping student get employmentopportunities helping company hire quality talent speaker student pursuing major computerscience mahindra ecole coming solutionsto problem pique interest keep working day inand day come plethora experience worked multiple startup since beginning ofengineering growth hacker data also goal make change education systemby allowing student learn differently adopting widhya focus ihandle data outreach marketing teamsat primarily technology person massive appetiteto learn work technological core competency following backend api data artificial data natural language like call data leader take careof data science team ensure whole pipeline managedand implemented smoothly gathering data toderiving insight building statistical predictive model andfinally deploying handle worked various project vertical ilove performing research large focus work selected publicationsand presentation various page vocal supporter software actively contribute many organization like gatsbyjsand achievement include winning completingmany open source challenge organized also one winnersof largest student smart india strongly believe giving back community love helpingthe community using beenrecognized work awarded award girlscript india karmaveer chakra award instituted united ceonovember present year handling data strategy marketing team introduced key widhya beta allows widhya tofocus creating open source focused ona crowd sourcing strategy develop quality missions shorter generated key report assist u approaching student potentialpartner company metric regarding effectiveness andperformance far helped convince onboard company raised inr revenue first operational drove marketing strategy resulted sale inr span reached active user platform private labsdata science internjune august india page ceomarch august year indiafreeflo start currently focus creating website scratchand selling basic website apart help engineeringstudents engineering project related basic coding datascience machine soon expanding field scientific industrial researchdata science internmay june working project spread awareness mental health khurana central drug research institute initial part project role validate result builda robust dataset ongoing research started collecting data corresponding various politician schoolsin uttar pradesh slowly inching towards collecting data school forevery country south data collected scraping various website running inparallel achieve result faster eat monthsassistant vice president national marketingfebruary may indiaworking towards strategy grow network eat news around responsible increase eat brand responsible create partnership various medium housesmanager national expansionsjanuary february india page helping eat news gain greater reach around making morepeople aware emn getting board young people helping selection école centraleundergraduate researcherseptember may amitava das understanding process ofradicalization various extremist group around world socialmedia platform predicting whether user vulnerable thedataset built scratch primary identified andmanually annotated see lethal influential targetshave used get data consider first secondhop network predict user vulnerablility depending number networkdynamics learning internmay june worked building learning various machine learning took couple datasets used multiple machine learning algorithm tounderstand worked sms email spam web development teamjuly may indiahelping tedx team create website upcoming edition previous edition usedwordpress upcoming hackernovember may india page main role ensure people get know brand andalso suggest company way create brand study various platform find would help benefit care sale angle using various sale universitymaster science financial engineering école centralebachelor technology computer science chaitanya junior mpc page
8,skillsiphone tool identifyingpeptide periodic repeatskrishna kiran kasturicofounder ceo apxorandhra pradeshsummarytechnologist year experience entirely mobilebased work including cross robust application framework apxor ceojanuary present year indiabuilding apxor built solve product problem reduce improve build habit forming product intelligencethat power apps product led technologies incdeveloperaugust january complete mobile commerce platform enables instant mobile tablet acquired bysnapdeal architected native mcommerce platform labslead engineerjuly august year mobile application development platform provider enablingcompanies deliver innovative mobile kony powered page biggest enterprise mobile strategy got acquired product team built kony responsible design andimplementation ios application point technologiesdeveloperjuly july year indiai one early member kpt building adaptxt innovativeinput solution support powering many global oems present device overthe core member behind adaptxt text prediction engine later ported nativelibrary built custom library android ndk support implemented intelligent ios keyboard top july year open mobile core technologyprovider limo core integration lateracquired motorola worked mobile building solution application drm forazingo operating system adhering oma institute information technologymaster technology bi nehru technological universitybachelor technology computer science page
9,skillseducationeducational leadershiptatikonda themock pvt pvt present year indiaeducationkrishnaveni talent school technology computer science engineering page
10,skillsinternet things thinkingprofessional ethicslanguageshindi thinkingproduct honortoken honoribadulla baigintern program foundationhyderabadsummaryexperienced internet things engineer demonstratedhistory working education management skilledin design strongengineering professional bachelor technology focused oninstrumentation vnr vignanajyothi institute engineering hyderabadinternjune present gachibowliidealabs futuretech venturesiot engineerjanuary june year indiaganapathi sugar industry private limitedganapathi sugar industry private limitedmay november indiaeducationvnr vignanajyothi institute engineering technologybachelor instrumentation applied electornics instrumentation page
11,skillsscreeningonboardingcore javapraveen polimatimanager recruitment amazonhyderabadexperienceamazonmanager recruitingjune present year technology june year leadership hiring america infotech recruitmentsnovember december year bosch mgmt consultants hrmay october hr marketing degree computers vizag page
12,developmentmanagementnikhil dhuperbusiness development intern codevector labs ai solutionswest delhisummarya passionate trying break potential barrier labs ai solutionsbusiness development internaugust present college engineeringbachelor technology engineering physics withmajor electronics public schoolhigh school diploma page
13,skillsjavascriptproject managementweb applicationslanguagesenglish structures algorithmsessential guide stevie winnerschool whizkid medalschool whizkid medaltejas jaggisoftware engineer cisco scoremorebengalurusummaryhaving completed computer science along witha minor business management manipal institute currently working software engineerat cisco engineering supply short stint hid global worked completed industrial training area productdevelopment physical access control systems worked capacity organising committee vicepresident aiesec manipal university annual also held position business developmentmanager year monthssoftware engineer ijuly present year men inclusion present engineering internjanuary june indiascore morefounderjune present institute technology page computer science engineeringaugust august year karnatakaquantum part hid globalproduct development internmay july indiaaiesecorganising committee vice president business developmentoctober october indiaeducationmanipal institute technologybachelor technology computer science minor businessmanagement new delhihigh pcm economics page
14,skillsbusiness strategymonetizationanalyticsamit ceo yulu vision reduce traffic congestion providing efficient clean solution first last andshort distance strongly believe short commutemode made affordable therebyensuring future generation healthy environment want replace big personal vehicle smaller formfactor require fossil using iot technology create vast network shared wheeler rented easily appin pay per use business companybased india solid founding team big yulu want solve problem traffic positively impact society shape new india ourfuture ceonovember present year vision reduce traffic congestion providing clean solution first last short strongly believe short commute mode made affordable thereby ensuring future generation willhave healthy environment want replace big personal vehicleswith smaller form factor require fossil using iot technology create vast network shared docklessbicycles rented easily app pay per usebusiness company based india asolid founding team big yulu believe every day page mission success exciting attained fun ifyou want solve problem traffic reduce positivelyimpact conversation partner journey shapea new india future year present year president oem telco solutionsapril november year francisco bay area beijing built glance content platformin led deeper partnership samsung xiaomi get anunprecedented incubated another business unit monetize telcos unit laterbecame trufactor acquisition pinsight mediafrom sprint founder president north americaapril september year establishing position one top leader withinmobile advertising space north building world class team andculture take inmobi next enables consumer discover amazing product revolutionary discovery brand engage mobile consumer recognized bymit technology review one disruptive companies inmobi enables billion discovery session mobile across abillion user every becoming largest discovery platform learn visit follow u twitter ordiscover latest mobile insight chief revenue officerjanuary march year page responsible overall revenue holistic growth inmobi widenits reach increased depth many market globally including usand western head business developmentdecember december year one fastest growing global mobile advertising deliversthe best result partner intelligent mobile advanced technology enables advertiser discover theirtarget audience mobile internet site measurable publisherscan leverage capability serve contextual ad user increasing value mobile vast reachcoupled precision mobile medium provides optimal platformfor advertiser publisher take advantage mobile advertising sector advertising industry geared upto provide edge traditional advertising ability categorize audience serve relevant themeasurability effectiveness advantage thisrealm recognizing potential conceptualized team young entrepreneur grownin leap bound since entering new international mkhojwas rebranded reinforce simplify business offering aswell symbolize long term goal intelligent globalmobile advertising inception mission provide businessmodel technology help development mobile internetecosystem extended family includes kleiner perkins byers sherpalo ventures mumbai partnership opportunity contact amit inmobi dot marketing associationglobal board memberapril october year mma leading global trade mobile marketingassociation comprised member nearly page fifty country around mission accelerate thetransformation innovation marketing driving businessgrowth closer stronger consumer anchoring mission four core cultivate inspirationby driving innovation chief marketing build mobilemarketing capability marketing organization champion effectiveness impact ofmobile research providing tangible roi mma committee work collaboratively developand advocate global best practice lead standard board advisormay december year mission help company realizing power businessintelligence improve business studio business strategyjuly june indiaassistant managerapril july year engineeraugust march year business schoolexecutive program kanpurb mechanical engg may page page
15,skillspythonamazon web services arwapallyresearch development manager iot research labshyderabadsummaryi person passionate foss even attendnumerous also conduct knowfacts epic even experiment latest research year monthsresearch development managerjuly present iot engineerjuly june hyderabadidealabs futuretech venturesiot engineerdecember june hyderabaduptec idealabs indiaembedded engineermarch november year indiaoctagon electronicsinterndecember february engineering college page bachelor technology ece chaitanya junior mpc mathematics model high mathematics page
16,managementmarketing strategylanguagesenglish journalist yearnasscom ecosystem evangelistaward paris femina online influenceawardfortune promising entrepreneur indiaawardshradha sharmafounder ceo yourstory mediaindiasummarypeople extraordinary believe founded yourstory aim ofchampioning untold story entrepreneurship thesubsequent year high every new entrepreneur profileand every new story feel blessed able contributeand help shape exciting new era strongly believe story power connectand inspire people curiousabout story people live one notinterested world considers tell story character itis want making story matter tryto every single year incubated narrative prior mainstream medium experience cnbc andtimes india give understanding medium work rely learning toeveryday improve channelize better professionaland create business make difference real andbasic mediafounder ceoseptember present media leading online medium venture entrepreneursand flagship property told story entrepreneur reach page million engaged reader every yourstory tell story presidentjune july year times indiabrand advisorjanuary june year design management history modern india page
17,skillsartificial intelligence cancer detectiondigital smile designpublicationsdentist upcomingera aerospace dentistryinnovations prize paperpresentationassessment practice among dentistof dentist passionate artificial intelligence spearhead part time science writer dentistjanuary present year west bengaldental clinicdentistjune present year indiaeducationbapuji dental college bds page
18,skillsanalyticspredictive analyticspredictive modelingpublicationscommerce system method oflearning consumer behavior basedon prior current transactionsdynamic decision support forregional ltl carrierspatentssystem method transactionlog cleansing aggregationcommerce system method oflearning consumer behavior basedon prior current transactionssystem method modelforecasting based supply anddemandprashant warierco founder ceo expert field artificial intelligence anddeep architected commercialized severaldata science solution year also speaker topic related data scienceand machine passionate using deep learning tomake healthcare affordable founder ceojanuary present year indiamaking healthcare accessible affordable using deep use deep learning interpret ct mris andcreate automated diagnostic help radiologist make fasterand accurate decision developed country provide automatedradiology support physician rural radiologist typicallynot analyticschief data scientistoctober january indiaevangelize artificial intelligence machine build datascience team help fortune client adopt data science within ceonovember october indiaimagna help company target customer better powerof artificial adpersonix platform help page company unify multiple data source mobile createa single profile context combination advancedmachine learning customer profile context beused market customer individually using perfectly tailored displayadvertising personalized sms app imagna acquired fractal analytics oct year monthsvice presidentjune july retail practice contributed architecture development ofcustomer genomics systematic experimentation optimization services solution developmentfebruary july year retail client portfolio solution development responsible development technologyfor labeling customer various customer dna attribute based upon alearning algorithm run past transaction customer dna profile used target individual customer andgive customized email offer sapsenior research scientistfebruary april year developed delivered data science solution retailand consumer packaged contributed towards building team ofdata science leader across developed andimplemented markdown optimization solution developed solution demand key value item analysisand assortment rationalization among georgia techdoctoral student graduate research assistantaugust december year solution optimize linehaul operation trucking optimization technique focused three major area freight routing page specific shipment optimally routed origin destinationin large trucking load planning strategy forpacking shipment truckloads achieve maximum fill driverassignment assigning driver dot specified personalconstraints scientist internmay august institute technologycertificate engineering institute industrial systems engineering institute technologymaster science operations research institute delhib manufacturing science engineering page
19,skillssoftware developmentdatabasesoraclelanguagesenglishpatentsprocessing record databaseapplying distinct operator botheven uneven database recordssanket atalmanaging director year experience software development enterprisesoftware oracle ca working us india withgeographicaly distributed execution focused experiencein business enterprise research program bs cs ms indiamanaging directormay present year indiaoraclegroup vice presidentoctober april year technical officerjune august year indiaresponsible technology including hosting infrastructure softwaredevelopment largest online travel agency billion helped acquire integrate company completely revamped development processwith agile introduced accountability project roi trackingand transparency using dashboards redesigned ui beresponsive function built team create page native application android created bi solution leverage bigdata power business decision created automationsolutions improve operational excellence call technologiessvp india technology centerjune june year hyderabad shepherded growth center witha third software development done hyderabad significantproducts completely produced became largest center worked closely business betterserve corporationvice india development centerjanuary june year usa indiaworked various level server technology organization india responsibility people across workedextensively us mgmt developing implementing organization widestrategic usa portland development center grew office managed three software development two oregon andone team work towards foundational well oracle http server coordinated development across team located various part ofthe world redwood worked extensively product management analyze customerrequirements make product implementation page informix development leadjanuary january year corporation one top rdbms company part one key helped grow office one engineer informix transitioning itfrom dbms one used large corporation like revenue increased hundred million us dollar billion architect sql query optimizer filed two patent lead team engineer test parallel database worked various customer devise migration strategy systemin order best leverage new involved discussion onthe choice well strategy harness feature thenew wrote paper various industry academic publication gave talksat international computer engineerseptember january year computers leading parallel computer used large corporation run database managementsystems since acquired joint development project informix software towardsmaking informix dbms work parallel thisinvolved informix project customers included page university business administration june computer science june computer science mathematics june school bangkok page
20,skillsbusiness developmentproduct marketingvendor managementnikhil aroramanaging director vice operations business scale emerging corporate mergers market entry strategic innovation business developmentexperiencegodaddymanaging director vice godaddyjune present year institute art designadvisor board memberaugust present year indian institute art design collaboration london offer education interior architecture communication design nurturecreative talent entrepreneurssuper seven cricket federation indiaadvisor board memberjune present year promote develop game cricket men woman grassroutes level sport cricket time reinvents latestbeing super seven cricket federation india weworkhead asia australia india country headapril july year new york city hong kong indiawework american company provides shared service startup founded headquartered new york create world people work make page wework transforms building collaborative share get inspiration wework membersand community team virtually see ourmembers full idea help business president managing directorseptember september year indiaresponsible charting strategy india become operatingsystem behind small business launched flagship businessand financial management software today intuit quickbooks leading cloud implementing business partnership capitalising mobile globalmarket laureate international universitiesvice president country august network online university country offer undergraduate graduate degree program onemillion student laureate largest global network higher education student part community span asia themiddle institutions offer doctoral degreeprograms field business medical information communication hospitality strategy business product comprehensive global provider human capitalmanagement solution unite tax andbenefits leader business outsourcing compliance adp dealer service provides integrated technology solution toover recreational vehicle heavyequipment dealer throughout page delphi corporationcorporate mergers automotive company integrates greenerand connected solution automotive sectorosc world bankconsultant education automotive sector russia business development russian central regionalfinancial consultingcbs television televisoion westinghouse broadcasting alsoknown group broadcasting division westinghouse owned several radio television station across unitedstates distributed television show syndicationmiramax filmsmarketing analystjanuary january year new yorkeducationthunderbird school global managementmba marketing state university moscow auto russian page
21,skillsmanagement consultingstrategyconsultingsonal fittrnew delhisummaryi left career strategy operations management consultant topursue passion present year delhi indiaas someone several year experience management understand challenge demanding workload need formaintaining personal mission help individual find balance realise true potential happy andmentally physically strategy operationsaugust august year united kingdommanagement strategy opslse public policy group uk deptconsultantoctober january audit officeinternjuly october policy centre inclusive growth brazilinternjuly september page aga khan health canadian development agency indiaproject assistantaugust april london school economics political science public economic policy university british international relations economy page
22,skillsc things systemsmansi awasthistudent shri vaishnav vidyapeeth indoreindoresummaryan electronic engineer making love learn new competent c constantly looking greatopportunities showcase enthusiastic determinedindividual always striving vaishnav vidyapeeth indorebachelor technology electronics communicationsengineering pcm page
23,skillsc kemkarstudent delhi technological universitydelhisummarylearner experiencescholarship tracksocial media managerjuly present learn inspire mentor team memberjuly present technological university technology information technology prathiba vikas vidyalaya rohini delhiscience page
24,skillscmatlabmicrosoft officepranay racharesourcepreneur hbr ascend select asci post graduatemanagement student administrative staff college indiahyderabadsummarypranay racha optimistic experience working intalent currently pursuing pgdm administrative staff college ofindia specialization includes hr microsoft public strong business developmentprofessional bachelor technology focused inelectronic communications engineering technology fromjntuh college engineering setup innovation entrepreneurshipcell organized various event fests talk heygrad global opportunity platform interest business product message looking staff college indiapostgraduate student page august present year indiatmts true talent technology companytalent executiveseptember february mostly worked like us green excellent knowledge job portal search like career hands experience working vms portal worked permanent hiring executiveseptember february operationsaugust february year indiahandling complete operation college varadhivolunteerjune march year july indiarise venturecampus ambassadoroctober december staff college indiapgdm page jntuh college engineering hyderabadbachelor technology electronic communicationsengineering technology page
25,skillsanalyticspredictive analyticspredictive modelingpublicationscommerce system method oflearning consumer behavior basedon prior current transactionsdynamic decision support forregional ltl carrierspatentssystem method transactionlog cleansing aggregationcommerce system method oflearning consumer behavior basedon prior current transactionssystem method modelforecasting based supply anddemandprashant warierco founder ceo expert field artificial intelligence anddeep architected commercialized severaldata science solution year also speaker topic related data scienceand machine passionate using deep learning tomake healthcare affordable founder ceojanuary present year indiamaking healthcare accessible affordable using deep use deep learning interpret ct mris andcreate automated diagnostic help radiologist make fasterand accurate decision developed country provide automatedradiology support physician rural radiologist typicallynot analyticschief data scientistoctober january indiaevangelize artificial intelligence machine build datascience team help fortune client adopt data science within ceonovember october indiaimagna help company target customer better powerof artificial adpersonix platform help page company unify multiple data source mobile createa single profile context combination advancedmachine learning customer profile context beused market customer individually using perfectly tailored displayadvertising personalized sms app imagna acquired fractal analytics oct year monthsvice presidentjune july retail practice contributed architecture development ofcustomer genomics systematic experimentation optimization services solution developmentfebruary july year retail client portfolio solution development responsible development technologyfor labeling customer various customer dna attribute based upon alearning algorithm run past transaction customer dna profile used target individual customer andgive customized email offer sapsenior research scientistfebruary april year developed delivered data science solution retailand consumer packaged contributed towards building team ofdata science leader across developed andimplemented markdown optimization solution developed solution demand key value item analysisand assortment rationalization among georgia techdoctoral student graduate research assistantaugust december year solution optimize linehaul operation trucking optimization technique focused three major area freight routing page specific shipment optimally routed origin destinationin large trucking load planning strategy forpacking shipment truckloads achieve maximum fill driverassignment assigning driver dot specified personalconstraints scientist internmay august institute technologycertificate engineering institute industrial systems engineering institute technologymaster science operations research institute delhib manufacturing science engineering page
26,favorite award srinivas pasupulatitalent advisor talent acquisition amazon linkedin recruiting professional strives hire best mind withright fit top tech someone love data toolsby raising bar wowing stakeholder extremelycompetitive recruiting art science like finding theelusive piece jigsaw time year experience talent talent managementand business process management primarily executive design implementation talentacquisition strategy solution technology highvalue high volume hiringdomains worked acquisition amazon development centre present year software development engineer ii excellent data hld lld minimum year ifinterested please send talent acquisitionmarch november year page mediamint online medium company provides global servicesto multiple country area product strategy productdevelopment operational support across variety functional area forweb ad video andmobile ad electronic artstalent talent eaapril march arts headquartered redwood leading interactive entertainment software founded company distributes interactive softwareworldwide video game personal cellular handsetsand electronic arts market product four brand ea sports infiscal ea posted gaap net revenue billion titlesthat sold one million homepage online game siteis information product full text pressreleases found internet recruitment specialistmay march global services global delivery arm microsoftconsulting global services team one fastest since establishment early coredelivery engine delivering complex customer solution across variousmicrosoft microsoft services organization focus buildingleading edge product specific industry successful handling crm axapta profile mgsi biz apps andworked bi ibm companyrecruitment specialistdecember april year operations center responsible working clients directly responsible demonstrate ability page research various industry geographic location using variety kenexa role recruitment specialistfebruary july executive building sourcing full cycle recruitment india people metropolitan cities verizon business incorporatedproject kenexa role recruitermarch january year part operational recruiter responsible tocontact requisite number candidate assure engagement success andinvolved direct sourcing candidate assigned working withthe client recruiter close candidate external kenexa role sourcing specialistjanuary march year visionary technology leader creates innovative software tohelp individual organization realize full sourced candidate using job board database tracked logged candidate workflow applicant prepared report candidate data mysuperiors participated bimonthly meeting microsoftemployees ad hoc responsibility requested staffing involved iso audit page educationsikkim manipal university medical human resources agricultural information technology hrm computer science page
27,skillspython sciencejavacertificationscertificate completion sqlcertificate completion datascience pythoncertificate completion javatutorial courseknockdown lockdown careeredgecertificate completion vermamicrosoft azure machine learning scholar learning internnew delhisummarypursuing bachelor computer science guru gobind singhindraprastha java programming language experience java made manyprojects internship language python machine learning forward work organization provides theopportunity improve skill knowledge grow along withthe organizationexperiencecoding ninjas indiacampus ambassadoraugust present azure ml scholarjuly present code delhivolunteerjune present workshop machine learning social good seriestechexplicamachine learning internmay august indiaeducation page guru gobind singh indraprastha universitybachelor computer computer science field public school pcm field public school page
28,skillscore memberpublicationsmobile phone programmingmobile phone programming usingjava persistentmessaging systemneuro symbolic networkgeneration executionsystemsaurabh jainvice paytmcentralsummarysaurabh vice president heading buildfor program also active role startup social impact education trainingwithin saurabh also manages relationship variousindustry body including jain also founder labsbelieves motto education open open education labs pioneeringresearch transmedia maker education chartered accountant keen interest authored book mobile application hewrote phone first book onmobile app book published wasa technical book inventor personal persistent messagingsystem neuro symbolic networkgeneration execution system gotprovisional speaker following place sxsw sxsw edu blackberry jam europe blackberry jam asia hong major startup event government programs nasscom ficci unesco mgiep tech education iit iit roorkee iit iim iim iim iim rohtak andiim kashipur page srcc many others delhi srm lot institution andconferenceshe charter member software developer beenawarded following title past also selected social saurabh avid reader hasread book last year monthsvice presidentjune present year indiaheading csr initiativesheading paytm build india initiativehead build present year delhi indiawe require everybody lifelong learner digital currenteducation system unfortunately achieve devoting mylife help turn everyone lifelong like thank vijay shekhar paytm giving mean opportunity achieve goal build labsfounderseptember present delhi labs open education believe educationopen pressmentorfebruary present year page new delhi indiamentoring editorial tech team delhi press digitaltechnology mobile technologies private ltddirectoroctober present year craftslide suite mobile game appsfounder openclass community mobile app developersskj technologies unit swatantar associates pvt september year technologies unit swatantar associates pvt one firstcompanies india venture mobile game application developmentway back company direct supplier mobile game reliancecommunications ltd direct supplier mobile game mobilevas content tata teleservices ltd tata teleservices company also supplied game many large name company also active area java august offshore web development companywith strong expertise firmit solution ranging simple across broadspectrum technology diverse helped set mobile game application taught skill mobile game development java also helpedthem market game application initial page institute chartered accountants tax laws information technology commerce schoolprimary high school schooling page
29,skillsc c sonaliparticipant hack currently pursuing undergrad passionate towardslearning new experiencehakincodesparticipant present monthsinternshala training captainjune august indiainternshala student partner june indiaexodia iit mandicampus ambassadorfebruary july spokesperson college annual technical cultural festof iit iit guwahatitechrepfebruary june indiathe annual techno management dtu page campus ambassadorfebruary june indiapromote annual technical fest delhi technical university engineering olympiadcampus coordinatorapril april indian institute technology kanpurcampus ambassadorfebruary april largest technical entrepreneul narayanamma institute technology sciencebachelor technology electronics telematicsengineering page
30,structuresalgorithmslanguagespunjabi web developmenthtml css javascript universityof california linux absolute beginners fundamental digital marketandroid app development alpha microsoft learn learn studentambassador singhswe intern ls app developer full ar vr enthusiastkanpur nagarsummarycurrently pursuing information technology engineering gurunanak dev engineering proficient programming language datastructure algorithm full stack developer html css javascript firebase mysql android developer flutter operating system linux windowshe enthusiast virtual reality augmented year teaching experience teaching chemistry mathematicsand coding year experiencelondon consulting group engineer internaugust present uplift projectpartcipant uplift project html css javascriptmay july uplift project using html css nanak dev engineering ludhiana page bachelor technology information technology padampat singhania education science x xii page
31,skillsflutterandroid developmentblockchaincertificationscommunication skillsbuilding modern insider threatprogramblockchain essence cybersecurity practices forindustrial control systemsblockchain basics jaya prakash veldandamobile application developer caremonitorhyderabadsummaryapplication developer demonstrated history working thecomputer software skilled mobile application working blockchain machine application developerjuly present indiadcyborg indiainternjanuary present application developerseptember march indiamigrocer services pvt ltdsoftware engineer traineejune november india page
32,skillsteam managementbusiness strategybusiness developmentcertificationsfinalist global studententrepreneur awards runners innovation challengerunners university startupworldcup times leader tomorrowawardpublicationsxencom auto irrigation systempriyanjit ghoshour vision provide affordable ai allhyderabadsummarypriyanjit business head codevector anartificial intelligence based product service company aimsto help smes large enterprise implement ai theirworkflowhe also award winning ai platform toperform diagnosis democratizing way rapidclinical ai model madehe also consults government agency help strategize aiprojects key skill area business ai consultingexperiencecodevector labs ai present year indiacodevector provides artificial intelligence solution service smes andtechnology since helped several company rightfrom startup idea stage fully funded startup hard work may present year indiaartificial intelligence healthcare diagnostics worked inassociations state government chhattisgarh kerala earlytrials implementation page tamil nadu agencyai consultant business analystaugust present tamil nadu present year started initiative create community young studententrepreneurs belief mentor passionate young people whowants build something exactly sure go journey orwhere institute management marketing page
33,skillsmanagementstrategyfinancial modelingajit president managing indiajanuary present year delhi indiahotstarceojanuary december indiastar tv year monthsexecutive vice presidentjune december year vice corporateapril june year wall street india real mckinsey global urban building inclusive sustainingeconomic growthmanagement entertainment practice page arthur practiceeducationthe wharton finance johns hopkins university paul nitze school advancedinternational studies economics international relations technological universitybasc page
34,skillscleaner productionengineeringphysicslanguageshindienglish portfolio managementfoundationsdigital strategyhow design successful lab marketpathways climate case small islanddeveloping grade chemistry grant awardedby dsmmentorsunita kumarideeptech vnci innovation paramount change potential founder deeptech startup across hyderabad work andoffsite driven motivation zeal thrive ping give food blog series significant contributor previous curiouslyinterested working new project impact emergingtechnology production climate service stand cause believe lab landnovember present portfolio management deeptech establishing thought leadership deeptech community cie critical designing programs cohort management startupstargeting multiple building reports online resource grant fund proposal designed conducted various event startup talk seriesand networking handled outreach social medium incubator page loading running full stack resource deeptech startup resilienceunlocked running especially designed forstartups tide slowdown find opportunity indisguise survey report launched cohort calling tech entrepreneurs across indiato give push build product partnership pernodricard india present year innovative air conditioner accessible peoplewith tropical developing country like india foundationoutreach incubation program executivejuly october first innovative disability focussed incubatorroles fundraising grant proposals research analysis potential prototype fit mentoring learning grow generate different channel sale partnerships outreach networking amspystrategy business developerfebruary july business model strategy amspy automotivestartup designing novel steering system industrial page delft international student society content managerapril may designing publishing monthly outreach international student formal informal eventsyara internationalassistant production managerjanuary july uttar pradeshtata yearsassistant production manageraugust july upfounder monthly newsletter april april year started publishing monthly newsletter named continued since year consisting energyconsumption achieved target article humour freelance writerdecember december year plot skit competition aiming create awareness related socialissues sexual harassment workplace cultural alternate theepic graduate engineer traineeaugust july upaiche american institute chemical engineersmemberjanuary april surat page gujarat cleaner production monthsindustrial traineejune july suggesting implementing cleaner technologies cleanerproduction technique chemical june gujarateducationdelft university management technology institute technology suratbachelor technology chemical engineering vidyalaya page
35,skillscjavadata structureslanguagestelugu designsuraj ramadugufull stack engineer mutual mobilehyderabadsummaryi want pursue challenging career involving high quality researchand contribute field science technology upgradingmy technical mobilefull stack engineerjune present year indiaeducationcvr college hyderabadbachelor technology computer science page
36,skillsonline advertisingentrepreneurshipanalyticsmanish ceo techment technologygreater raipur areaexperiencetechment technologyceoseptember present partner entrepreneur building enterprise level product remarkable mobile wecreate smart software team expert help organization adoptlatest technology trend stay ahead understand importance launching rightproduct right time relentlessly work towards meeting core team decade experience executing managing people love technology strong belief solving reallife problem using specialtiesrapid prototyping functional enterprise enterprise grade androidtheagrihubadvisor products june june year indialeading product development technology initiative building first dedicated one stop discovery platform forconventional platform connect farmer withlatest technology trend latest product supplier like u page hirenodesfounding memberaugust may building platform ease process searching job byusing social connection job using hirenodes find better job better fit increase chance getting interview call shorten searching processpilania industriesdirector operationsmay november year industries manufacturer tmt wire may year online photography portal targeted atindians living overseas intends ultimate stop anyand photography related need photomanagement photo genomicsmodule leaderfebruary november predictive modeling technology predicting pharmacokinetic andtoxic property drug universitygraduate research assistantaugust december year chrysler germanysummer internmay july concept innovative technology wasteminimization enhancing capability laminated object page rapid prototyping performing experiment helisys experiment done using variety manufacturingcomponents used internally daimler project resulted anaverage reduction building time project also resulted initiation talk collaboration available integrated module package mechanical engineering institute mechanical engineering page
37,skillspython web services python interact theoperating systempython programmingspecializationpython data structurespython classes inheritanceintroduction git student partners automation professionalcertificate badgeharsh kumar khatrigoogle dsc lead microsoft students learn ambassador event ambassador incubateind fellow coding ninja campusexpert team lead voc musk said notgive unless forced give software developer convert code software andapplications provide experience live currently cse undergraduate career point keep exploring learning new thing level myskills contribute back community way mygoto programming language python also make content related thing learn problem thati face help others face similar focused helping people community andbeyond work together make excellent communication also great team playerand like engage logical thinking approachto coding find chilling friend orscrolling student clubs page google dsc leadaugust present always enjoyed learning gdes leads hoping create impact student technology introducingthem community early updating complete journey dsc monthsmicrosoft student learn ambassadorsaugust present students partnerapril august student partner one community helped megrow individual personal well professional got learn somuch people around also organized multiple tech event speaker suchevents enhanced presenting student partner rebranded microsoft student present awesome opportunity provided hakincodes teamthrough would able mentor guide people differenttechnology background part opensource community alarger along best chance showcase skill welland influence young mind part indfellowjuly present program offered incubate ind personal andprofessional ambassadorjune present page appointed event ambassador june responsibility event ambassador organize conductevents related artificial intelligence machine learning every conducted prior appointed around theme introductionto ml find map codemanagement team leadmay present code blogging community started microsoft student partnercommunity member educate people around globe good contentrelated technical ninjas indiacampus ambassadorfebruary present ambassadorfebruary present welfare councilcampus ambassadorjanuary present peoplehackathon mentoraugust august people intercollegiate hackathon designed engagestudents tackling largest issue theeconomy trying channel inner got chance mentor guide participant end upmaking good thing overall learning league hacking page july part brand new summer hackathon league serieswhich organized major league hacking hackathon isconducted every got chance mentor hell got conversation peoplefrom various different subcontinent solve doubt made melearn research new mlh team also great thereto help mentor change well havealways participant hackathon prior amentor got know thing going hood dtucampus ambassadorfebruary may good opportunity work learn new institute information allahabadcampus ambassadorfebruary may type internship got topromote technical fest take place iiit may homethis great learning opportunity provided internshala withthe help initiative able host session make people awareabout technology trendseducationcareer point university kotabachelor technology computer science kota science page rankcomputer programming page
38,skillscreative aimachine learning apisaws fundamental course theaws machine learning introduction ethics law dataand winner sih sharmacomputer science engineering sophomore nit raipurgreater priyanshi sophomore student pursuing myundergraduate degree computer science engineering atnational institute looked worked around immense variety oftechnologies using django rest using machine chatbots using aiml anddialogflow et cetera alongside pretty active participating inevents encourage always willing participate insomething help learn primarily use practicing data structures algorithms andpython backend effort aid problem solving question difficult also strongfoundations data algorithm coding fundamentalswhich help understand alleviate blessed live world technology aid effortand give wider consistently pursuing developedadaptability takemy time truly understand bring best anything setmy eye also knack writing english actuallymakes explanation understandable journey full looking forward learnand page opengenus foundationsoftware internapril present foundation enriching resource read myauthor also created chatbot nit year monthstech managerapril present currently working guiding willing people work backend volunteer management also help promote open source nitrr also responsible backend development task asdeveloping backend website android marketing executiveapril april year worked overall successful conduction interacted dean director order share ourvision extend mentorship setting entrepreneurship cell attheir respective worked directly ignition competition coordinating betweenvarious party involved participant worked innovation manthan helped coordinate participant facilitatejudgement round innovative project worked formed question business quiz alsohelped smooth conduction onsite prepared hosted media relations nit year present continue work english editor operation page also guide new member work part editorial teamof newsletter nit raipurcoordinatorjanuary august year content editor newsletter nit worked english editor operation student branch nit raipurdocumentation executivemarch june year responsible writing content came alongside release caption also party successful conduction aptrivia olympiadfor student across first ieee internationalconference nit raipurexecutivejanuary january year party conducting several also made several quiz question regular club dps greater noidapresidentmay march responsible smooth conduction related event including cyber fest institute technology raipurbachelors computer science public greater noidasenior secondary education page
39,skillsinformation securitypenetration testingethical hackinglanguageshindienglishcertificationscertificate continuing educationcompletiontraining internship certificate onethical hackingstartup india learning programweb app security fundamentalskamal alpyus technologiesbengalurusummarytechnology business always driving factor mypersonal intellectual computer sciencebackground keenly interested led toa special bond brain make link every technicalopportunity business worked software engineer intern intel high endtechnologies genius mind towards new innovative tech challenges something make go every day used filled challenge tomeet industry standard always keep learning newthings updated entrepreneur since used sell inksin school small penny school allowed touse ink pen ball also school day havebeen involved lending bicycle fellow student bicycle small activitieshow started interest speaking previous class founded follerypvt company dealing fine extent going well faced problemsin scaling successful failure experience wherei learned two thing importance market understanding andimportance strong also worked two morebusiness one healthcare sector another digital magazinebut ended good learning experience sanitation latest majordomains interest work always inthese capability grasp thing fast work tillperfection make capable taking kind work andexcelling always kind collaboration andprojects mentioned page experiencealpyus present indiaintel corporationsoftware engineer internjuly june indiajapan third partyhumanoid developer internmarch april directordecember september year india council robotics automationinternship traineemay june cyber security penetration testingeducationvellore institute technologymaster technology softwareengineering schoolsecondary high school francis ranchihigh school page
40,skillsteam managementmicrosoft exceltechnical recruitingbalasubramanyam savarapusenior analyst amazon development centre limitedandhra pradeshsummarysenior year strong experience issuing exit leave background joining knowledge inpeoplesoft mis data mis development centre private limitedsenior analystjanuary present telanganabusiness employee transport limitedassociate operationsnovember august year indialearnsocialmis associatejuly february year indiamis reportingtech mahindraassistant officeraugust december year high school page english language page
41,skillsmanagementcommunicationretail coin award nairanalyst adpandhra pradeshsummaryi honoured part wells fargo india solutionsand given opportunity learn different skillsthroughout journey ranging precise quality benefitsadministration insurance presentation skill content present year hro insurance benefits deal providing variety healthinsurance opted accurate data isreconciled along vendor provided information sent clients whoopt insurance based based provided informationtimely payment change made coverage plan aredone year monthsfinancial analystapril july year indiafinancial analystapril june year india review document core ranging liabilities tax returns calculatingincome pay stubs yearly help estimate state sideprocessor decide approval collecting customer informationfrom processor order file tax returns getting explanation large deposittransactions made bank following page throughout application procedure property validations along titlepolicy hazard insurance biotechnology page
42,skillsproduct managementmanagementstrategyambareesh pepperfrymumbaisummaryover year general management experience service internet career cadbury sales followedby stint prudential icici amc icici vpmarketing customer personal career adventure wheni ran financial training business consulting firm ebay december ebay till june entrepreneur indian online hold delhi college engineering mbafrom indian institute general sales strategyexperiencepepperfryfounderjuly present year indiaebay philippines year monthscountry managermarch june year manager mar june last ebay seen rapid growth enhancedmarket leadership across driven strong productand process localization great team page active industry also served vice chairman theinternet mobile association india marketplace development user experiencedecember february year feb responsibility also took leadership theuser experience accountable user retentionand dec dec function ebay india managed selleracquisition marketplace category insight theglobal trade industriesmarketing manager mass marketsjune december segment strategy communication retail strategy resourcesfounderdecember may year business fulfilled need formal traning content development anddelivery emerging indian asset management resources helped train financial advisor channel help set advisor network providing turnkey advisor empanelment solution indian mutual strauss india leader december included product development marketing retailstrategies prudential amc ltdvp marketing customer serviceoctober august year product customer service strategy page cadbury indiabrand managerjune october year flagship dairy milk five launched cadbury one mostsuccessful product launch course cadbury also managed new productdevelopment gifting started cadbury career sale asm institute management college civil engineering page
43,skillsentrepreneurshipgraphic designvasvishal gondalfounder ceo goqiimumbaisummaryphilosophy think leading motivating team produce extra everyone give key success tohave give incfounder ceofebruary present year parkmake permanent shift healthier lifestylewith combination advanced wearable leading headquartered california office mumbai dedicated enabling permanent shift healthier lifestyle thecombination advanced wearable leading goqii focus sustained engagement goalreinforcement offer complete ecosystem single integrated powerful combination technology human goqiiis collaboration leading expert amazingmanagement team driven passion healthy sustainable believe u contain boundless goal toenable million people across world helping themunleash untapped blood venture grouppartnerjanuary present year page walt disney companymanaging digitalseptember june heading gaming digital operation disney india soldindiagames since moved working yearsceojanuary june year finishing vishal started atthe age employee award game develops game console andonline gaming platform working top game hollywood studio mobile operator across anavid vishal played volleyball state national rank holder national computer problem solving contest head mumbai chapter international gamedevelopers part nokia advisory council gamesand advice nokia gaming indiagames partnered withactivision marvel develop distribute game based december business today featured vishal among top vishal frequent speaker gaming wirelesstechnology podartybcom fail page
44,skillsreal estate developmentstrategy developmentmarketing salon chain year salon four year rowfrom shenaiceo lakme levermumbaisummaryexperienced ceo brand business builder atrack record agile learning leading across real estate healthcare across family owned mnc start pushkarajis passionate design building executing strategic plan building ecosystem toenhance customer enterprise architect sirjj college architecture pgp iim investor specific focus consumer lever executive officer wholetime directoroctober present year team driving growth lakme lever professional hindustan unilever admired fmcg lever fully owned subsidiary hul independent boardand leadership operate three brand lakme salon outletand team tigi professional dermalogica skin member unilever beauty personal care leadership achievementsbuilding purposeful customer centric team developed beautify future vision one lakme value haveshaped organisation conceptualized built lakme academy powered aptech strategicalliance leading vocational training organisation create academy page driven innovations deliver revenue runway secretsportfolio show stopping collections lakme fashion implemented digital transformation agenda technology data drivenways working supported integrated turned around business delivered strong cagr profit customer service metric promoter score best national salon chain award indian salon wellnesscongress year row realtychief operating officer piramal realty president groupcorporate brand piramal groupaugust october year role leads team responsible business development landacquisition construction project land transaction revenue potential rs project team concept schematic development stagesfor rs mn piramal aranya luxury residential project insouth developed executed unique founder customer programme toreposition project increased revenue potential rs designing executing piramal group corporate brand strategy acrossbusiness employee engagement csr initiative onpublic corporate communication rs cr piramal groupteam delivered medium value grouppresident group corporate brand strategic marketingfebruary september year role designing executing piramal group corporate brand strategy acrossbusiness employee engagement csr initiative onpublic corporate communication rs cr piramal executed helpyourbody social initiative preventchronic metabolic disease doctor patient support atelevised reality show page developed executed campaign reach medical professionalswhich launched piramal healthcare brand improved salience rank rank office strategy management rs cr formulations business strategy formulation centralmarketing sale force business divested abbott record valuation branding marketingmarch february building distinctive brand position bringing alive atevery strategy execution across touch buying monitoring pr corp images best fashion brand award plc hindustan lever year monthsglobal regional brand managerfebruary march year brand brand innovation brand equity project team brandcommunicationarea sales customer development managermay january year annual revenue rs managed grew networkof channel role focused sale channel designand execution sale micro marketing initiative built team consistently featured top panthaky associated pvt ltddesign architectnovember june year design execution sft premium commercial retail institutional p k das consultants month page educationindian institute management business management jj college architectureb urban project management page
45,skillsbusiness academy certification commercialization andintellectual women science andmedicine award americanassociation advancement ofscience programfor excellence science texas medical center davis licensingacademy scholarship univ texas southwestern medicalcenter associationtravel award confer changesin susceptibility heart hemodynamic stressdisrupts normal circadian rhythm signalling andprotein phosphorylation heartreactive oxygen speciesregulate alkaloid metabolism inundifferentiated tabacum cellscongenital heart mutation display functionaldeficits managingbreakthrough innovations phdhead strategy medical technology cyienthyderabadsummarynita year experience working interface ofbusiness innovation expertise theareas medical biotech nita lead strategy solutions medicaland healthcare business help drive strategy thebusiness unit new product innovation developmentthrough internal new business accelerator alsodrives corporate venture keyaccount planning also work extensively external ecosystemfor enabling strategic partnership government industry association deep believer holistic solution strong focus onbusiness model innovation increased technology lie strategy business development new product solutions development key account channels go market design thinking user experience solution corporate venture technology business model due diligence intellectual property mentoring early stage certified licensing professional technology contracts term sheetsexperiencecyienthead strategy medical technology page september present business developmentdecember december year indiamapmygenome wellness dnavice president strategy business school yearsassociate director business strategy development incubation innovation technology california davisvisiting californiauniversity texas southwestern medical center dallaspostdoctoral cardiology internal august kentuckyresearch kentucky areaeducationindian institute roorkeebiotechnology page indian school businessmaster business administration strategy leadershipuniversity daviscertified licensing licensing intellectual propertyuniversity page
46,skillsrequirements analysismicrosoft sql serveroraclelanguagesenglishpunjabiharbindar singh gillsenior consultant capgeminihyderabadexperiencecapgeminisenior consultantjune present year indiaman diesel turboteam coordinatormarch present year indiaapollo health engineerseptember present management problem managementeducationkakatiya public schoolclass x page
47,skillsglobal deliverysoftware project managementsdlclanguagesenglish manager mfgadm unit award deliveryexcellenceprima award technologyexcellenceprima award ensuringeffective customer excellenceprima award knowledgemanagement initiativessidhartha sinhavice president jp morgan chase program management leader year ofexperience track record successfully managing high performing teamsstrong experience product technical project portfolio sales builtand managed large team delivery spanning multiple time contributor account business plans involved various strategic multimillion deal organizational areas expertise business partnermanagement p operations due diligence transition management program team building leadership experiencejp morgan chase vice president july present year year monthsdelivery manageroctober july indiamanaged global team resource across various portfolio includingsales partner relationship enterprise page managing diverse portfolio isv sector portfolio sizeis usd group project managermarch september year program delivery management multiple program forum leading hi tech client including program solution deployment support pune senior project managerjanuary march year indialed multiple programs partner ales sustenance transitioned partner platformfrom incumbent led prioritization process across several engineering excellence initiative across ledthe team delivering multiple successful release across apps partner pdd cvp starting led feature development work partner successfullyimplemented distributed infy award knowledge managementinitiative led programs foundation services led delivery sxp experience platform enablessocial medium capability across led effort revamping msvideo platform managed presales large hitech clients worked multiple largeconsolidation deal cfe several large proposalsacross multiple senior project manager bi december year usamanaged infosys relation microsoft bi coe onsite coordinator forinfosys program corporate planning analysis rhythm ofbusiness scorecarding rev bwb worked asanalyst senior program manager rob scorecarding leadingcoordination work multiple group microsoft page project managerjanuary june year delivery several bi program like rhythm targets responsible gathering analysing creating functional specification high level design acquiring involved scope time management ensuringtimely project deliveryrapidigm ltdproject managerjune december indiaproject manager req track interacted multiple office ofrapidigm inc requirement scope resource allocation team requests forproposals ltd netacross leadmay april delivered several project multiple client including outlook india private microsoft coleman company private project lead responsible code requirement led several project onshorefor led program sun netpilgrim birlasoftsenior software engineerjuly may year software part internet team educational institutebachelor electrical engineering college agra page isc energy central schoolaisse page
48,skillsbusiness developmentproduct marketingvendor managementnikhil aroramanaging director vice operations business scale emerging corporate mergers market entry strategic innovation business developmentexperiencegodaddymanaging director vice godaddyjune present year institute art designadvisor board memberaugust present year indian institute art design collaboration london offer education interior architecture communication design nurturecreative talent entrepreneurssuper seven cricket federation indiaadvisor board memberjune present year promote develop game cricket men woman grassroutes level sport cricket time reinvents latestbeing super seven cricket federation india weworkhead asia australia india country headapril july year new york city hong kong indiawework american company provides shared service startup founded headquartered new york create world people work make page wework transforms building collaborative share get inspiration wework membersand community team virtually see ourmembers full idea help business president managing directorseptember september year indiaresponsible charting strategy india become operatingsystem behind small business launched flagship businessand financial management software today intuit quickbooks leading cloud implementing business partnership capitalising mobile globalmarket laureate international universitiesvice president country august network online university country offer undergraduate graduate degree program onemillion student laureate largest global network higher education student part community span asia themiddle institutions offer doctoral degreeprograms field business medical information communication hospitality strategy business product comprehensive global provider human capitalmanagement solution unite tax andbenefits leader business outsourcing compliance adp dealer service provides integrated technology solution toover recreational vehicle heavyequipment dealer throughout page delphi corporationcorporate mergers automotive company integrates greenerand connected solution automotive sectorosc world bankconsultant education automotive sector russia business development russian central regionalfinancial consultingcbs television televisoion westinghouse broadcasting alsoknown group broadcasting division westinghouse owned several radio television station across unitedstates distributed television show syndicationmiramax filmsmarketing analystjanuary january year new yorkeducationthunderbird school global managementmba marketing state university moscow auto russian page
49,skillspartnershipsmanagemententerprise softwarelanguagesenglishhindivandana bfounder managing director infinitum network solutionshyderabadsummaryvandana serial started entrepreneurialjourney ceo software digitalsolutions company went onto establish online mediafirm called together among largest contentpartners youtube southeast asia brand spread overvarious vertical like car also form diverse linguistic kid learningnetwork spread across world billion view million subscriber stand testimony quality contentthat completely developed network channelsabove million subscriber channel morethan subscriber making one awarded network latest venture infinitum social medium marketingand digital advertising catering biggestproduction house talent tollywood apart big masters business administration specialization infinance prestigious ohio university extensive workexperience servicing large fortune earlierstint wealth manager foremost financial currently serving various capacity managingdirector chairman board company responsiblefor managing profitability known digital native year speciality includesocial medium digital creatives content celebrity influencer process stronghold accounting finance addition managing corporatealliances partnership page experienceinfinitum network solutionsfounder managing directorapril present year executive officerjanuary present year indiaportalapps media solutionsmanaging directoraugust present year indiaindigarage automotivemanaging directorjune present year publisherschief publisher managing directormarch present year present universitymaster business administration finance page
